"Season","No. overall","No. in season","Guests","guests","winner","Timeslot","Original air date","Viewers"
1,1,1,"Ed Kavalee, Jane Kennedy, Troy Kinne, Rachel Corbett, Sam Pang","Ed Kavalee, Jane Kennedy, Troy Kinne, Rachel Corbett, Sam Pang","Rachel Corbett","7 pm Sunday","3 November 2013","301,000[1]"
1,2,2,"Ed Kavalee, Kate Langbroek, Troy Kinne, Rachel Corbett, Sam Pang","Ed Kavalee, Kate Langbroek, Troy Kinne, Rachel Corbett, Sam Pang","Ed Kavalee","7 pm Sunday","10 November 2013","420,000[2]"
1,3,3,"Ed Kavalee, Jane Kennedy, Mick Molloy, Celia Pacquola, Sam Pang","Ed Kavalee, Jane Kennedy, Mick Molloy, Celia Pacquola, Sam Pang","Jane Kennedy","7 pm Sunday","17 November 2013","352,000[3]"
1,4,4,"Ed Kavalee, Celia Pacquola, Troy Kinne, Rachel Corbett, Sam Pang","Ed Kavalee, Celia Pacquola, Troy Kinne, Rachel Corbett, Sam Pang","Celia Pacquola","7 pm Sunday","24 November 2013","294,000[4]"
1,5,5,"Ed Kavalee, Jane Kennedy, Glenn Robbins, Celia Pacquola, Sam Pang","Ed Kavalee, Jane Kennedy, Glenn Robbins, Celia Pacquola, Sam Pang","Ed Kavalee","7 pm Sunday","1 December 2013","396,000[5]"
1,6,6,"Ed Kavalee, Jane Kennedy, Glenn Robbins, Ronny Chieng, Sam Pang","Ed Kavalee, Jane Kennedy, Glenn Robbins, Ronny Chieng, Sam Pang","Ed Kavalee","7 pm Sunday","8 December 2013","379,000[6]"
1,7,7,"Ed Kavalee, Celia Pacquola, Mick Molloy, Rachel Corbett, Sam Pang","Ed Kavalee, Celia Pacquola, Mick Molloy, Rachel Corbett, Sam Pang","Celia Pacquola","7 pm Sunday","15 December 2013","N/A"
1,8,8,"Ed Kavalee, Kate Langbroek, Troy Kinne, Tegan Higginbotham, Sam Pang","Ed Kavalee, Kate Langbroek, Troy Kinne, Tegan Higginbotham, Sam Pang","Ed Kavalee","6 pm Sunday[note 1]","22 December 2013","235,000[7]"
2,9,1,"Ed Kavalee, Jane Kennedy, Mick Molloy, Celia Pacquola, Sam Pang","Ed Kavalee, Jane Kennedy, Mick Molloy, Celia Pacquola, Sam Pang","Ed Kavalee","6 pm Sunday","23 February 2014","168,000[8]"
2,10,2,"Ed Kavalee, Chrissie Swan, Troy Kinne, Rachel Corbett, Sam Pang","Ed Kavalee, Chrissie Swan, Troy Kinne, Rachel Corbett, Sam Pang","Chrissie Swan","6 pm Sunday","2 March 2014","226,000[9]"
2,11,3,"Ed Kavalee, Jane Kennedy, Ronny Chieng, Kate Langbroek, Sam Pang","Ed Kavalee, Jane Kennedy, Ronny Chieng, Kate Langbroek, Sam Pang","Jane Kennedy","6 pm Sunday[note 2]","9 March 2014","195,000[10]"
2,12,4,"Ed Kavalee, Chrissie Swan, Glenn Robbins, Tegan Higginbotham, Sam Pang","Ed Kavalee, Chrissie Swan, Glenn Robbins, Tegan Higginbotham, Sam Pang","Chrissie Swan","7 pm Sunday[note 3]","16 March 2014","276,000[11]"
2,13,5,"Lehmo, Cal Wilson, Dave Hughes, Celia Pacquola, Sam Pang","Lehmo, Cal Wilson, Dave Hughes, Celia Pacquola, Sam Pang","Cal Wilson","6 pm Sunday","23 March 2014","193,000[12]"
2,14,6,"Ed Kavalee, Jane Kennedy, Glenn Robbins, Jen Kirkman, Sam Pang","Ed Kavalee, Jane Kennedy, Glenn Robbins, Jen Kirkman, Sam Pang","Glenn Robbins","6 pm Sunday","30 March 2014","N/A"
2,15,7,"Ed Kavalee, Sara Pascoe, Josh Lawson, Celia Pacquola, Sam Pang","Ed Kavalee, Sara Pascoe, Josh Lawson, Celia Pacquola, Sam Pang","Celia Pacquola","6 pm Sunday","6 April 2014","231,000[13]"
2,16,8,"Ed Kavalee, Lehmo, Mick Molloy, Fifi Box, Sam Pang","Ed Kavalee, Lehmo, Mick Molloy, Fifi Box, Sam Pang","Fifi Box","9:30 pm Monday","19 May 2014","164,000[14]"
2,17,9,"Ed Kavalee, Jane Kennedy, Dave Hughes, Kate Langbroek, Sam Pang","Ed Kavalee, Jane Kennedy, Dave Hughes, Kate Langbroek, Sam Pang","Ed Kavalee","9:30 pm Monday","26 May 2014","173,000[15]"
2,18,10,"Ed Kavalee, Ronny Chieng, Josh Lawson, Cal Wilson, Sam Pang","Ed Kavalee, Ronny Chieng, Josh Lawson, Cal Wilson, Sam Pang","Cal Wilson","9:30 pm Monday","2 June 2014","186,000[16]"
2,19,11,"Ed Kavalee, Dave Hughes, Mick Molloy, Celia Pacquola, Sam Pang","Ed Kavalee, Dave Hughes, Mick Molloy, Celia Pacquola, Sam Pang","Ed Kavalee","9:30 pm Monday","9 June 2014","212,000[17]"
2,20,12,"Ed Kavalee, Kate Langbroek, Mick Molloy, Celia Pacquola, Sam Pang","Ed Kavalee, Kate Langbroek, Mick Molloy, Celia Pacquola, Sam Pang","Celia Pacquola","9:30 pm Monday","16 June 2014","227,000[18]"
2,21,13,"Ed Kavalee, Chrissie Swan, Lehmo, Cal Wilson, Sam Pang","Ed Kavalee, Chrissie Swan, Lehmo, Cal Wilson, Sam Pang","Chrissie Swan","9:30 pm Monday","23 June 2014","247,000[19]"
2,22,14,"Ed Kavalee, Glenn Robbins, Kate Langbroek, Celia Pacquola, Sam Pang","Ed Kavalee, Glenn Robbins, Kate Langbroek, Celia Pacquola, Sam Pang","Glenn Robbins","9:30 pm Monday","30 June 2014","235,000[20]"
2,23,15,"Ed Kavalee, Glenn Robbins, Dave Hughes, Akmal Saleh, Sam Pang","Ed Kavalee, Glenn Robbins, Dave Hughes, Akmal Saleh, Sam Pang","Dave Hughes","9:30 pm Monday","7 July 2014","268,000[21]"
2,24,16,"Ed Kavalee, Tegan Higginbotham, Mick Molloy, Cal Wilson, Peter Helliar","Ed Kavalee, Tegan Higginbotham, Mick Molloy, Cal Wilson, Peter Helliar","Ed Kavalee","8:40 pm Monday","14 July 2014","408,000[22]"
2,25,17,"Ed Kavalee, Jane Kennedy, Merrick Watts, Kate Langbroek, Sam Pang","Ed Kavalee, Jane Kennedy, Merrick Watts, Kate Langbroek, Sam Pang","Ed Kavalee","8:40 pm Monday","21 July 2014","498,000[23]"
2,26,18,"Ed Kavalee, Jane Kennedy, Mick Molloy, Troy Kinne, Sam Pang","Ed Kavalee, Jane Kennedy, Mick Molloy, Troy Kinne, Sam Pang","Ed Kavalee","8:30 pm Monday","4 August 2014","379,000[24]"
2,27,19,"Ed Kavalee, Lehmo, Merrick Watts, Akmal Saleh, Sam Pang","Ed Kavalee, Lehmo, Merrick Watts, Akmal Saleh, Sam Pang","Lehmo","8:30 pm Monday","11 August 2014","440,000[25]"
2,28,20,"Kate Langbroek, Glenn Robbins, Santo Cilauro, Michala Banas, Sam Pang","Kate Langbroek, Glenn Robbins, Santo Cilauro, Michala Banas, Sam Pang","Michala Banas","8:30 pm Monday","18 August 2014","435,000[26]"
2,29,21,"Ed Kavalee, Jane Kennedy, Santo Cilauro, Lehmo, Peter Helliar","Ed Kavalee, Jane Kennedy, Santo Cilauro, Lehmo, Peter Helliar","Jane Kennedy","8:30 pm Monday","25 August 2014","423,000[27]"
2,30,22,"Ed Kavalee, Glenn Robbins, Mick Molloy, Michala Banas, Merrick Watts","Ed Kavalee, Glenn Robbins, Mick Molloy, Michala Banas, Merrick Watts","Michala Banas","8:30 pm Monday","1 September 2014","430,000[28]"
2,31,23,"Ed Kavalee, Kate Langbroek, Lawrence Mooney, Arj Barker, Peter Helliar","Ed Kavalee, Kate Langbroek, Lawrence Mooney, Arj Barker, Peter Helliar","Kate Langbroek","8:30 pm Monday","8 September 2014","465,000[29]"
2,32,24,"Ed Kavalee, Jane Kennedy, Dave Hughes, Michala Banas, Sam Pang","Ed Kavalee, Jane Kennedy, Dave Hughes, Michala Banas, Sam Pang","Michala Banas","8:30 pm Monday","15 September 2014","509,000[30]"
2,33,25,"Ed Kavalee, Josh Lawson, Mick Molloy, Celia Pacquola, Sam Pang","Ed Kavalee, Josh Lawson, Mick Molloy, Celia Pacquola, Sam Pang","Ed Kavalee","8:30 pm Monday","22 September 2014","429,000[31]"
2,34,26,"Ed Kavalee, Glenn Robbins, Dave Hughes, Celia Pacquola, Sam Pang","Ed Kavalee, Glenn Robbins, Dave Hughes, Celia Pacquola, Sam Pang","Ed Kavalee","8:30 pm Monday","29 September 2014","484,000[32]"
3,36,1,"Ed Kavalee, Jane Kennedy, Mick Molloy, Fifi Box, Sam Pang","Ed Kavalee, Jane Kennedy, Mick Molloy, Fifi Box, Sam Pang","Mick Molloy","8:30 pm Monday","11 May 2015","562,000[33]"
3,37,2,"Ed Kavalee, Sarah Harris, Hamish Blake, Celia Pacquola, Glenn Robbins","Ed Kavalee, Sarah Harris, Hamish Blake, Celia Pacquola, Glenn Robbins","Ed Kavalee","8:30 pm Monday","18 May 2015","625,000[34]"
3,38,3,"Ed Kavalee, Joel Creasey, Dave Hughes, Kate Langbroek, Peter Helliar","Ed Kavalee, Joel Creasey, Dave Hughes, Kate Langbroek, Peter Helliar","Peter Helliar","8:30 pm Monday","25 May 2015","624,000[35]"
3,39,4,"Ed Kavalee, Jane Kennedy, Mick Molloy, Celia Pacquola, Sam Pang","Ed Kavalee, Jane Kennedy, Mick Molloy, Celia Pacquola, Sam Pang","Ed Kavalee","8:30 pm Monday","1 June 2015","566,000[36]"
3,40,5,"Ed Kavalee, Glenn Robbins, Akmal Saleh, Neroli Meadows, Sam Pang","Ed Kavalee, Glenn Robbins, Akmal Saleh, Neroli Meadows, Sam Pang","Neroli Meadows","8:30 pm Monday","8 June 2015","638,000[37]"
3,41,6,"Ed Kavalee, Luke McGregor, Troy Kinne, Kate Langbroek, Sam Pang","Ed Kavalee, Luke McGregor, Troy Kinne, Kate Langbroek, Sam Pang","Ed Kavalee","8:30 pm Monday","15 June 2015","592,000[38]"
3,42,7,"Ed Kavalee, Chrissie Swan, Mick Molloy, Kitty Flanagan, Sam Pang","Ed Kavalee, Chrissie Swan, Mick Molloy, Kitty Flanagan, Sam Pang","Kitty Flanagan","8:30 pm Monday","22 June 2015","613,000[39]"
3,43,8,"Ed Kavalee, Jane Kennedy, Marty Sheargold, Celia Pacquola, Sam Pang","Ed Kavalee, Jane Kennedy, Marty Sheargold, Celia Pacquola, Sam Pang","Jane Kennedy","8:30 pm Monday","29 June 2015","589,000[40]"
3,44,9,"Ed Kavalee, Sarah Harris, Hamish Blake, Neroli Meadows, Glenn Robbins","Ed Kavalee, Sarah Harris, Hamish Blake, Neroli Meadows, Glenn Robbins","Ed Kavalee","8:30 pm Monday","6 July 2015","673,000[41]"
3,45,10,"Ed Kavalee, Luke McGregor, Peter Helliar, Monty Diamond, Sam Pang","Ed Kavalee, Luke McGregor, Peter Helliar, Monty Diamond, Sam Pang","Peter Helliar","8:30 pm Monday","13 July 2015","712,000[43]"
3,46,11,"Ed Kavalee, Michala Banas, Dave Hughes, Kate Langbroek, Sam Pang","Ed Kavalee, Michala Banas, Dave Hughes, Kate Langbroek, Sam Pang","Kate Langbroek","8:30 pm Monday","20 July 2015","628,000[44]"
3,47,12,"Ed Kavalee, Jane Kennedy, Santo Cilauro, Celia Pacquola, Sam Pang","Ed Kavalee, Jane Kennedy, Santo Cilauro, Celia Pacquola, Sam Pang","Sam Pang","10:00 pm Monday[note 4]","27 July 2015","653,000[45]"
3,48,13,"Ed Kavalee, Abby Coleman, Mick Molloy, Fifi Box, Sam Pang","Ed Kavalee, Abby Coleman, Mick Molloy, Fifi Box, Sam Pang","Fifi Box","9:00 pm Monday","3 August 2015","661,000[46]"
3,49,14,"Ed Kavalee, Kate Langbroek, Glenn Robbins, Kitty Flanagan, Sam Pang","Ed Kavalee, Kate Langbroek, Glenn Robbins, Kitty Flanagan, Sam Pang","Kitty Flanagan","8:30 pm Monday","10 August 2015","601,000[47]"
3,50,15,"Ed Kavalee, Jane Kennedy, Andy Lee, Monty Diamond, Sam Pang","Ed Kavalee, Jane Kennedy, Andy Lee, Monty Diamond, Sam Pang","Jane Kennedy","8:30 pm Monday","17 August 2015","536,000[48]"
3,51,16,"Ed Kavalee, Glenn Robbins, Marty Sheargold, Celia Pacquola, Sam Pang","Ed Kavalee, Glenn Robbins, Marty Sheargold, Celia Pacquola, Sam Pang","Celia Pacquola","8:30 pm Monday","24 August 2015","643,000[49]"
3,52,17,"Ed Kavalee, Abby Coleman, Hamish Blake, Neroli Meadows, Sam Pang","Ed Kavalee, Abby Coleman, Hamish Blake, Neroli Meadows, Sam Pang","Abby Coleman","8:45 pm Monday","31 August 2015","621,000[50]"
3,53,18,"Ed Kavalee, Jane Kennedy, Josh Lawson, Kate Langbroek, Sam Pang","Ed Kavalee, Jane Kennedy, Josh Lawson, Kate Langbroek, Sam Pang","Kate Langbroek","8:45 pm Monday","7 September 2015","568,000[51]"
3,54,19,"Celia Pacquola, Luke McGregor, Dave Hughes, Michala Banas, Sam Pang","Celia Pacquola, Luke McGregor, Dave Hughes, Michala Banas, Sam Pang","Michala Banas","8:45 pm Monday","14 September 2015","506,000[52]"
3,55,20,"Ed Kavalee, Jane Kennedy, Lawrence Mooney, Abby Coleman, Sam Pang","Ed Kavalee, Jane Kennedy, Lawrence Mooney, Abby Coleman, Sam Pang","Lawrence Mooney","8:45 pm Monday","21 September 2015","565,000[53]"
3,56,21,"Ed Kavalee, Sarah Harris, Arj Barker, Cal Wilson, Sam Pang","Ed Kavalee, Sarah Harris, Arj Barker, Cal Wilson, Sam Pang","Ed Kavalee","8:45 pm Monday","28 September 2015","486,000[54]"
3,57,22,"Ed Kavalee, Jane Kennedy, Marty Sheargold, Monty Diamond, Sam Pang","Ed Kavalee, Jane Kennedy, Marty Sheargold, Monty Diamond, Sam Pang","Marty Sheargold","8:30 pm Monday","5 October 2015","578,000[55]"
3,58,23,"Ed Kavalee, Tegan Higginbotham, Lehmo, Kitty Flanagan, Peter Helliar","Ed Kavalee, Tegan Higginbotham, Lehmo, Kitty Flanagan, Peter Helliar","Tegan Higginbotham","8:30 pm Monday","12 October 2015","586,000[56]"
3,59,24,"Celia Pacquola, Glenn Robbins, Dave Hughes, Anne Edmonds, Sam Pang","Celia Pacquola, Glenn Robbins, Dave Hughes, Anne Edmonds, Sam Pang","Dave Hughes","8:30 pm Monday","19 October 2015","575,000[57]"
3,60,25,"Ed Kavalee, Amanda Keller, Marty Sheargold, Neroli Meadows, Sam Pang","Ed Kavalee, Amanda Keller, Marty Sheargold, Neroli Meadows, Sam Pang","Neroli Meadows","8:30 pm Monday","26 October 2015","686,000[58]"
3,61,26,"Ed Kavalee, Abby Coleman, Mick Molloy, Cal Wilson, Sam Pang","Ed Kavalee, Abby Coleman, Mick Molloy, Cal Wilson, Sam Pang","Cal Wilson","8:30 pm Monday","2 November 2015","661,000[59]"
3,62,27,"Ed Kavalee, Kate Langbroek, Lawrence Mooney, Monty Diamond, Sam Pang","Ed Kavalee, Kate Langbroek, Lawrence Mooney, Monty Diamond, Sam Pang","Ed Kavalee","8:30 pm Monday","9 November 2015","668,000[60]"
3,63,28,"Ed Kavalee, Celia Pacquola, Hamish Blake, Fifi Box, Sam Pang","Ed Kavalee, Celia Pacquola, Hamish Blake, Fifi Box, Sam Pang","Fifi Box","8:30 pm Monday","16 November 2015","678,000[61]"
4,65,1,"Ed Kavalee, Jane Kennedy, Marty Sheargold, Fifi Box, Sam Pang","Ed Kavalee, Jane Kennedy, Marty Sheargold, Fifi Box, Sam Pang","Ed Kavalee","8:30 pm Monday","9 May 2016","684,000[62]"
4,66,2,"Ed Kavalee, Anne Edmonds, Mick Molloy, Julia Morris, Lehmo","Ed Kavalee, Anne Edmonds, Mick Molloy, Julia Morris, Lehmo","Ed Kavalee","8:30 pm Monday","16 May 2016","687,000[63]"
4,67,3,"Ed Kavalee, Abby Coleman, Lawrence Mooney, Monty Diamond, Sam Pang","Ed Kavalee, Abby Coleman, Lawrence Mooney, Monty Diamond, Sam Pang","Abby Coleman","8:30 pm Monday","23 May 2016","715,000[64]"
4,68,4,"Ed Kavalee, Amanda Keller, Dave Hughes, Cal Wilson, Sam Pang","Ed Kavalee, Amanda Keller, Dave Hughes, Cal Wilson, Sam Pang","Amanda Keller","8:30 pm Monday","30 May 2016","714,000[65]"
4,69,5,"Ed Kavalee, Kate Langbroek, Harry Shearer, Anne Edmonds, Sam Pang","Ed Kavalee, Kate Langbroek, Harry Shearer, Anne Edmonds, Sam Pang","Harry Shearer","8:30 pm Monday","6 June 2016","790,000[66]"
4,70,6,"Ed Kavalee, Jane Kennedy, Hamish Blake, Kitty Flanagan, Sam Pang","Ed Kavalee, Jane Kennedy, Hamish Blake, Kitty Flanagan, Sam Pang","Jane Kennedy","8:30 pm Monday","13 June 2016","676,000[67]"
4,71,7,"Ed Kavalee, Anne Edmonds, Peter Helliar, Fifi Box, Sam Pang","Ed Kavalee, Anne Edmonds, Peter Helliar, Fifi Box, Sam Pang","Sam Pang","8:30 pm Monday","20 June 2016","773,000[68]"
4,72,8,"Ed Kavalee, Sarah Harris, Glenn Robbins, Kitty Flanagan, Sam Pang","Ed Kavalee, Sarah Harris, Glenn Robbins, Kitty Flanagan, Sam Pang","Sarah Harris","8:30 pm Monday","27 June 2016","830,000[69]"
4,73,9,"Ed Kavalee, Jane Kennedy, Lehmo, Cal Wilson, Santo Cilauro","Ed Kavalee, Jane Kennedy, Lehmo, Cal Wilson, Santo Cilauro","Cal Wilson","8:30 pm Monday","4 July 2016","803,000[70]"
4,74,10,"Ed Kavalee, Urzila Carlson, Marty Sheargold, Celia Pacquola, Sam Pang","Ed Kavalee, Urzila Carlson, Marty Sheargold, Celia Pacquola, Sam Pang","Urzila Carlson","8:30 pm Monday","11 July 2016","807,000[71]"
4,75,11,"Ed Kavalee, Kate Langbroek, Dave Hughes, Anne Edmonds, Sam Pang","Ed Kavalee, Kate Langbroek, Dave Hughes, Anne Edmonds, Sam Pang","Ed Kavalee","8:30 pm Monday","18 July 2016","860,000[72]"
4,76,12,"Ed Kavalee, Abby Coleman, Lawrence Mooney, Celia Pacquola, Sam Pang","Ed Kavalee, Abby Coleman, Lawrence Mooney, Celia Pacquola, Sam Pang","Lawrence Mooney","9:10 pm Monday","25 July 2016","827,000[73]"
4,77,13,"Ed Kavalee, Jane Kennedy, Peter Helliar, Cal Wilson, Sam Pang","Ed Kavalee, Jane Kennedy, Peter Helliar, Cal Wilson, Sam Pang","Cal Wilson","8:30 pm Monday","1 August 2016","736,000[74]"
4,78,14,"Ed Kavalee, Urzila Carlson, Glenn Robbins, Neroli Meadows, Sam Pang","Ed Kavalee, Urzila Carlson, Glenn Robbins, Neroli Meadows, Sam Pang","Ed Kavalee","8:30 pm Monday","8 August 2016","690,000[75]"
4,79,15,"Ed Kavalee, Celeste Barber, Dave Hughes, Kitty Flanagan, Sam Pang","Ed Kavalee, Celeste Barber, Dave Hughes, Kitty Flanagan, Sam Pang","Celeste Barber","8:30 pm Monday","15 August 2016","733,000[76]"
4,80,16,"Ed Kavalee, Chrissie Swan, Marty Sheargold, Celia Pacquola, Dilruk Jayasinha","Ed Kavalee, Chrissie Swan, Marty Sheargold, Celia Pacquola, Dilruk Jayasinha","Ed Kavalee","8:30 pm Monday","22 August 2016","843,000[77]"
4,81,17,"Ed Kavalee, Amanda Keller, Mick Molloy, Kitty Flanagan, Sam Pang","Ed Kavalee, Amanda Keller, Mick Molloy, Kitty Flanagan, Sam Pang","Amanda Keller","8:45 pm Monday","29 August 2016","728,000[78]"
4,82,18,"Ed Kavalee, Urzila Carlson, Wil Anderson, Anne Edmonds, Sam Pang","Ed Kavalee, Urzila Carlson, Wil Anderson, Anne Edmonds, Sam Pang","Ed Kavalee","9:00 pm Monday","5 September 2016","694,000[79]"
4,83,19,"Ed Kavalee, Jane Kennedy, Dilruk Jayasinha, Celia Pacquola, Sam Pang","Ed Kavalee, Jane Kennedy, Dilruk Jayasinha, Celia Pacquola, Sam Pang","Ed Kavalee","8:30 pm Monday","12 September 2016","707,000[80]"
4,84,20,"Glenn Robbins, Urzila Carlson, Marty Sheargold, Cal Wilson, Sam Pang","Glenn Robbins, Urzila Carlson, Marty Sheargold, Cal Wilson, Sam Pang","Cal Wilson","9:00 pm Monday","19 September 2016","682,000[81]"
4,85,21,"Ed Kavalee, Celeste Barber, Mick Molloy, Anne Edmonds, Sam Pang","Ed Kavalee, Celeste Barber, Mick Molloy, Anne Edmonds, Sam Pang","Ed Kavalee","8:30 pm Monday","26 September 2016","635,000[82]"
4,86,22,"Ed Kavalee, Chrissie Swan, Hamish Blake, Kate Langbroek, Sam Pang","Ed Kavalee, Chrissie Swan, Hamish Blake, Kate Langbroek, Sam Pang","Sam Pang","8:30 pm Monday","3 October 2016","684,000[84]"
4,87,23,"Ed Kavalee, Jane Kennedy, Peter Helliar, Celia Pacquola, Sam Pang","Ed Kavalee, Jane Kennedy, Peter Helliar, Celia Pacquola, Sam Pang","Peter Helliar","9:00 pm Monday","17 October 2016","661,000[85]"
4,88,24,"Ed Kavalee, Urzila Carlson, Marty Sheargold, Kitty Flanagan, Sam Pang","Ed Kavalee, Urzila Carlson, Marty Sheargold, Kitty Flanagan, Sam Pang","Marty Sheargold","8:30 pm Monday","24 October 2016","766,000[86]"
4,89,25,"Ed Kavalee, Celeste Barber, Mick Molloy, Anne Edmonds, Sam Pang","Ed Kavalee, Celeste Barber, Mick Molloy, Anne Edmonds, Sam Pang","Anne Edmonds","8:30 pm Monday","31 October 2016","573,000[87]"
4,90,26,"Ed Kavalee, Abby Coleman, Lawrence Mooney, Fifi Box, Sam Pang","Ed Kavalee, Abby Coleman, Lawrence Mooney, Fifi Box, Sam Pang","Abby Coleman","8:30 pm Monday","7 November 2016","687,000[88]"
4,91,27,"Ed Kavalee, Jane Kennedy, Dave Hughes, Kitty Flanagan, Sam Pang","Ed Kavalee, Jane Kennedy, Dave Hughes, Kitty Flanagan, Sam Pang","Ed Kavalee","8:30 pm Monday","14 November 2016","849,000[89]"
5,93,1,"Ed Kavalee, Jane Kennedy, Marty Sheargold, Celia Pacquola, Sam Pang","Ed Kavalee, Jane Kennedy, Marty Sheargold, Celia Pacquola, Sam Pang","Ed Kavalee","8:45 pm Monday","8 May 2017","839,000[90]"
5,94,2,"Ed Kavalee, Urzila Carlson, Mick Molloy, Kitty Flanagan, Sam Pang","Ed Kavalee, Urzila Carlson, Mick Molloy, Kitty Flanagan, Sam Pang","Ed Kavalee","8:45 pm Monday","15 May 2017","876,000[91]"
5,95,3,"Ed Kavalee, Abby Coleman, Peter Helliar, Fifi Box, Sam Pang","Ed Kavalee, Abby Coleman, Peter Helliar, Fifi Box, Sam Pang","Fifi Box","8:45 pm Monday","22 May 2017","859,000[92]"
5,96,4,"Ed Kavalee, Urzila Carlson, Dilruk Jayasinha, Celia Pacquola, Sam Pang","Ed Kavalee, Urzila Carlson, Dilruk Jayasinha, Celia Pacquola, Sam Pang","Ed Kavalee","8:45 pm Monday","29 May 2017","808,000[93]"
5,97,5,"Ed Kavalee, Jane Kennedy, Marty Sheargold, Anne Edmonds, Sam Pang","Ed Kavalee, Jane Kennedy, Marty Sheargold, Anne Edmonds, Sam Pang","Marty Sheargold","8:45 pm Monday","5 June 2017","764,000[94]"
5,98,6,"Ed Kavalee, Georgie Carroll, Dave Hughes, Kitty Flanagan, Sam Pang","Ed Kavalee, Georgie Carroll, Dave Hughes, Kitty Flanagan, Sam Pang","Dave Hughes","8:45 pm Monday","12 June 2017","799,000[95]"
5,99,7,"Ed Kavalee, Urzila Carlson, Merrick Watts, Fifi Box, Santo Cilauro","Ed Kavalee, Urzila Carlson, Merrick Watts, Fifi Box, Santo Cilauro","Urzila Carlson","8:45 pm Monday","19 June 2017","804,000[96]"
5,100,8,"Ed Kavalee, Amanda Keller, Mick Molloy, Anne Edmonds, Sam Pang","Ed Kavalee, Amanda Keller, Mick Molloy, Anne Edmonds, Sam Pang","Amanda Keller","8:45 pm Monday","26 June 2017","808,000[97]"
5,101,9,"Ed Kavalee, Susie Youssef, Marty Sheargold, Cal Wilson, Sam Pang","Ed Kavalee, Susie Youssef, Marty Sheargold, Cal Wilson, Sam Pang","Marty Sheargold","8:45 pm Monday","3 July 2017","843,000[98]"
5,102,10,"Ed Kavalee, Urzila Carlson, Glenn Robbins, Kitty Flanagan, Dilruk Jayasinha","Ed Kavalee, Urzila Carlson, Glenn Robbins, Kitty Flanagan, Dilruk Jayasinha","Dilruk Jayasinha","8:45 pm Monday","10 July 2017","685,000[99]"
5,103,11,"Ed Kavalee, Jane Kennedy, Wil Anderson, Anne Edmonds, Sam Pang","Ed Kavalee, Jane Kennedy, Wil Anderson, Anne Edmonds, Sam Pang","Wil Anderson","8:45 pm Monday","17 July 2017","779,000[100]"
5,104,12,"Ed Kavalee, Urzila Carlson, Dave Hughes, Abby Coleman, Sam Pang","Ed Kavalee, Urzila Carlson, Dave Hughes, Abby Coleman, Sam Pang","Ed Kavalee","10:00 pm Monday","24 July 2017","583,000[101]"
5,105,13,"Ed Kavalee, Georgie Carroll, Glenn Robbins, Cal Wilson, Sam Pang","Ed Kavalee, Georgie Carroll, Glenn Robbins, Cal Wilson, Sam Pang","Ed Kavalee","9:00 pm Monday","31 July 2017","620,000[102]"
5,106,14,"Ed Kavalee, Kate Langbroek, Marty Sheargold, Kitty Flanagan, Sam Pang","Ed Kavalee, Kate Langbroek, Marty Sheargold, Kitty Flanagan, Sam Pang","Sam Pang","8:40 pm Monday","7 August 2017","626,000[103]"
5,107,15,"Ed Kavalee, Georgie Carroll, Mick Molloy, Celia Pacquola, Sam Pang","Ed Kavalee, Georgie Carroll, Mick Molloy, Celia Pacquola, Sam Pang","Ed Kavalee","8:40 pm Monday","14 August 2017","639,000[104]"
5,108,16,"Ed Kavalee, Abby Coleman, Peter Helliar, Susie Youssef, Sam Pang","Ed Kavalee, Abby Coleman, Peter Helliar, Susie Youssef, Sam Pang","Peter Helliar","8:40 pm Monday","21 August 2017","641,000[105]"
5,109,17,"Ed Kavalee, Amanda Keller, Dilruk Jayasinha, Celia Pacquola, Sam Pang","Ed Kavalee, Amanda Keller, Dilruk Jayasinha, Celia Pacquola, Sam Pang","Amanda Keller","8:40 pm Monday","28 August 2017","668,000[106]"
5,110,18,"Ed Kavalee, Chrissie Swan, Nick Cody, Kitty Flanagan, Sam Pang","Ed Kavalee, Chrissie Swan, Nick Cody, Kitty Flanagan, Sam Pang","Ed Kavalee","8:40 pm Monday","4 September 2017","701,000[107]"
5,111,19,"Ed Kavalee, Jane Kennedy, Mick Molloy, Susie Youssef, Sam Pang","Ed Kavalee, Jane Kennedy, Mick Molloy, Susie Youssef, Sam Pang","Susie Youssef","8:40 pm Monday","11 September 2017","737,000[108]"
5,112,20,"Lehmo, Rose Matafeo, Marty Sheargold, Anne Edmonds, Sam Pang","Lehmo, Rose Matafeo, Marty Sheargold, Anne Edmonds, Sam Pang","Anne Edmonds","8:40 pm Monday","18 September 2017","693,000[109]"
5,113,21,"Ed Kavalee, Rose Matafeo, Glenn Robbins, Susie Youssef, Sam Pang","Ed Kavalee, Rose Matafeo, Glenn Robbins, Susie Youssef, Sam Pang","Rose Matafeo","9:00 pm Monday","25 September 2017","579,000[110]"
5,114,22,"Tony Martin, Urzila Carlson, Dave Hughes, Kitty Flanagan, Sam Pang","Tony Martin, Urzila Carlson, Dave Hughes, Kitty Flanagan, Sam Pang","Urzila Carlson","8:40 pm Monday","2 October 2017","721,000[111]"
5,115,23,"Ed Kavalee, Georgie Carroll, Peter Helliar, Anne Edmonds, Michael James Scott","Ed Kavalee, Georgie Carroll, Peter Helliar, Anne Edmonds, Michael James Scott","Peter Helliar","8:45 pm Monday","9 October 2017","760,000[112]"
5,116,24,"Ed Kavalee, Jane Kennedy, Mick Molloy, Anne Edmonds, Sam Pang","Ed Kavalee, Jane Kennedy, Mick Molloy, Anne Edmonds, Sam Pang","Ed Kavalee","8:30 pm Monday","16 October 2017","688,000[113]"
5,117,25,"Ed Kavalee, Urzila Carlson, Marty Sheargold, Celia Pacquola, Sam Pang","Ed Kavalee, Urzila Carlson, Marty Sheargold, Celia Pacquola, Sam Pang","Ed Kavalee","8:30 pm Monday","23 October 2017","782,000[114]"
5,118,26,"Ed Kavalee, Susie Youssef, Wil Anderson, Kitty Flanagan, Sam Pang","Ed Kavalee, Susie Youssef, Wil Anderson, Kitty Flanagan, Sam Pang","Wil Anderson","8:30 pm Monday","30 October 2017","725,000[115]"
5,119,27,"Ed Kavalee, Rose Matafeo, Glenn Robbins, Anne Edmonds, Nick Cody","Ed Kavalee, Rose Matafeo, Glenn Robbins, Anne Edmonds, Nick Cody","Ed Kavalee","8:30 pm Monday","6 November 2017","633,000[116]"
5,120,28,"Ed Kavalee, Urzila Carlson, Tony Martin, Susie Youssef, Sam Pang","Ed Kavalee, Urzila Carlson, Tony Martin, Susie Youssef, Sam Pang","Sam Pang","8:30 pm Monday","13 November 2017","683,000[117]"
5,121,29,"Ed Kavalee, Jane Kennedy, Mick Molloy, Celia Pacquola, Sam Pang","Ed Kavalee, Jane Kennedy, Mick Molloy, Celia Pacquola, Sam Pang","Celia Pacquola","8:30 pm Monday","20 November 2017","695,000[118]"
6,123,1,"Ed Kavalee, Jane Kennedy, Kitty Flanagan, Anne Edmonds, Sam Pang","Ed Kavalee, Jane Kennedy, Kitty Flanagan, Anne Edmonds, Sam Pang","Ed Kavalee","8:45 pm Monday","14 May 2018","808,000[119]"
6,124,2,"Ed Kavalee, Susie Youssef, Mick Molloy, Celia Pacquola, Sam Pang","Ed Kavalee, Susie Youssef, Mick Molloy, Celia Pacquola, Sam Pang","Ed Kavalee","8:45 pm Monday","21 May 2018","800,000[120]"
6,125,3,"Ed Kavalee, Urzila Carlson, Peter Helliar, Julia Morris, Sam Pang","Ed Kavalee, Urzila Carlson, Peter Helliar, Julia Morris, Sam Pang","Urzila Carlson","8:45 pm Monday","28 May 2018","816,000[121]"
6,126,4,"Ed Kavalee, Georgie Carroll, Marty Sheargold, Celia Pacquola, Sam Pang","Ed Kavalee, Georgie Carroll, Marty Sheargold, Celia Pacquola, Sam Pang","Sam Pang","8:40 pm Monday","4 June 2018","753,000[122]"
6,127,5,"Ed Kavalee, Jane Kennedy, Wil Anderson, Anne Edmonds, Sam Pang","Ed Kavalee, Jane Kennedy, Wil Anderson, Anne Edmonds, Sam Pang","Anne Edmonds","8:40 pm Monday","11 June 2018","790,000[123]"
6,128,6,"Ed Kavalee, Amanda Keller, Mick Molloy, Kitty Flanagan, Sam Pang","Ed Kavalee, Amanda Keller, Mick Molloy, Kitty Flanagan, Sam Pang","Amanda Keller","8:40 pm Monday","18 June 2018","865,000[124]"
6,129,7,"Ed Kavalee, Urzila Carlson, Tony Martin, Anne Edmonds, Sam Pang","Ed Kavalee, Urzila Carlson, Tony Martin, Anne Edmonds, Sam Pang","Urzila Carlson","8:40 pm Monday","25 June 2018","854,000[125]"
6,130,8,"Ed Kavalee, Urzila Carlson, Marty Sheargold, Susie Youssef, Sam Pang","Ed Kavalee, Urzila Carlson, Marty Sheargold, Susie Youssef, Sam Pang","Ed Kavalee","8:40 pm Monday","2 July 2018","809,000[126]"
6,131,9,"Ed Kavalee, Melanie Bracewell, Glenn Robbins, Kitty Flanagan, Sam Pang","Ed Kavalee, Melanie Bracewell, Glenn Robbins, Kitty Flanagan, Sam Pang","Sam Pang","8:40 pm Monday","9 July 2018","696,000[127]"
6,132,10,"Ed Kavalee, Urzila Carlson, Ivan Aristeguieta, Anne Edmonds, Sam Pang","Ed Kavalee, Urzila Carlson, Ivan Aristeguieta, Anne Edmonds, Sam Pang","Urzila Carlson","8:40 pm Monday","16 July 2018","737,000[128]"
6,133,11,"Ed Kavalee, Denise Scott, Mick Molloy, Susie Youssef, Peter Helliar","Ed Kavalee, Denise Scott, Mick Molloy, Susie Youssef, Peter Helliar","Peter Helliar","8:40 pm Monday","23 July 2018","744,000[129]"
6,134,12,"Ed Kavalee, Amanda Keller, Dane Simpson, Anne Edmonds, Sam Pang","Ed Kavalee, Amanda Keller, Dane Simpson, Anne Edmonds, Sam Pang","Amanda Keller","9:00 pm Monday","30 July 2018","856,000[130]"
6,135,13,"Ed Kavalee, Anjelah Johnson, Marty Sheargold, Kitty Flanagan, Sam Pang","Ed Kavalee, Anjelah Johnson, Marty Sheargold, Kitty Flanagan, Sam Pang","Ed Kavalee","9:00 pm Monday","6 August 2018","661,000[131]"
6,136,14,"Ed Kavalee, Urzila Carlson, Dane Simpson, Anne Edmonds, Sam Pang","Ed Kavalee, Urzila Carlson, Dane Simpson, Anne Edmonds, Sam Pang","Urzila Carlson","8:40 pm Monday","13 August 2018","759,000[132]"
6,137,15,"Ed Kavalee, Denise Scott, Tony Martin, Melanie Bracewell, Sam Pang","Ed Kavalee, Denise Scott, Tony Martin, Melanie Bracewell, Sam Pang","Ed Kavalee","8:40 pm Monday","20 August 2018","747,000[133]"
6,138,16,"Ed Kavalee, Urzila Carlson, Wil Anderson, Kitty Flanagan, Sam Pang","Ed Kavalee, Urzila Carlson, Wil Anderson, Kitty Flanagan, Sam Pang","Urzila Carlson","8:40 pm Monday","27 August 2018","801,000[134]"
6,139,17,"Ed Kavalee, Jane Kennedy, Glenn Robbins, Celia Pacquola, Sam Pang","Ed Kavalee, Jane Kennedy, Glenn Robbins, Celia Pacquola, Sam Pang","Glenn Robbins","8:40 pm Monday","3 September 2018","774,000[135]"
6,140,18,"Ed Kavalee, Gen Fricker, Marty Sheargold, Kitty Flanagan, Sam Pang","Ed Kavalee, Gen Fricker, Marty Sheargold, Kitty Flanagan, Sam Pang","Ed Kavalee","8:40 pm Monday","10 September 2018","811,000[136]"
6,141,19,"Ed Kavalee, Melanie Bracewell, Peter Helliar, Fifi Box, Sam Pang","Ed Kavalee, Melanie Bracewell, Peter Helliar, Fifi Box, Sam Pang","Fifi Box","8:40 pm Monday","17 September 2018","744,000[137]"
6,142,20,"Ed Kavalee, Denise Scott, Santo Cilauro, Celia Pacquola, Sam Pang","Ed Kavalee, Denise Scott, Santo Cilauro, Celia Pacquola, Sam Pang","Ed Kavalee","8:40 pm Monday","24 September 2018","638,000[138]"
6,143,21,"Tony Martin, Urzila Carlson, Glenn Robbins, Gen Fricker, Sam Pang","Tony Martin, Urzila Carlson, Glenn Robbins, Gen Fricker, Sam Pang","Urzila Carlson","8:40 pm Monday","1 October 2018","580,000[139]"
6,144,22,"Ed Kavalee, Amanda Keller, Marty Sheargold, Anne Edmonds, Ivan Aristeguieta","Ed Kavalee, Amanda Keller, Marty Sheargold, Anne Edmonds, Ivan Aristeguieta","Amanda Keller","8:40 pm Monday","8 October 2018","731,000[140]"
6,145,23,"Ed Kavalee, Denise Scott, Dilruk Jayasinha, Melanie Bracewell, Sam Pang","Ed Kavalee, Denise Scott, Dilruk Jayasinha, Melanie Bracewell, Sam Pang","Dilruk Jayasinha","8:40 pm Monday","15 October 2018","769,000[141]"
6,146,24,"Ed Kavalee, Jane Kennedy, Peter Helliar, Anne Edmonds, Sam Pang","Ed Kavalee, Jane Kennedy, Peter Helliar, Anne Edmonds, Sam Pang","Peter Helliar","8:40 pm Monday","22 October 2018","778,000[142]"
6,147,25,"Ed Kavalee, Gen Fricker, Mick Molloy, Celia Pacquola, Sam Pang","Ed Kavalee, Gen Fricker, Mick Molloy, Celia Pacquola, Sam Pang","Ed Kavalee","8:40 pm Monday","29 October 2018","683,000[143]"
6,148,26,"Ed Kavalee, Susie Youssef, Wil Anderson, Kitty Flanagan, Akmal Saleh","Ed Kavalee, Susie Youssef, Wil Anderson, Kitty Flanagan, Akmal Saleh","Ed Kavalee","8:40 pm Monday","5 November 2018","623,000[144]"
6,149,27,"Ed Kavalee, Denise Scott, Marty Sheargold, Melanie Bracewell, Sam Pang","Ed Kavalee, Denise Scott, Marty Sheargold, Melanie Bracewell, Sam Pang","Ed Kavalee","8:35 pm Monday","12 November 2018","724,000[145]"
7,151,1,"Ed Kavalee, Melanie Bracewell, Mick Molloy, Kitty Flanagan, Sam Pang","Ed Kavalee, Melanie Bracewell, Mick Molloy, Kitty Flanagan, Sam Pang","Ed Kavalee","8.40 pm Monday","13 May 2019","787,000[146]"
7,152,2,"Ed Kavalee, Susie Youssef, Marty Sheargold, Anne Edmonds, Sam Pang","Ed Kavalee, Susie Youssef, Marty Sheargold, Anne Edmonds, Sam Pang","Ed Kavalee","8.40 pm Monday","20 May 2019","673,000[147]"
7,153,3,"Ed Kavalee, Urzila Carlson, Glenn Robbins, Celia Pacquola, Sam Pang","Ed Kavalee, Urzila Carlson, Glenn Robbins, Celia Pacquola, Sam Pang","Sam Pang","8.40 pm Monday","27 May 2019","741,000[148]"
7,154,4,"Ed Kavalee, Amanda Keller, Peter Helliar, Gen Fricker, Sam Pang","Ed Kavalee, Amanda Keller, Peter Helliar, Gen Fricker, Sam Pang","Amanda Keller","8.40 pm Monday","3 June 2019","707,000[149]"
7,155,5,"Ed Kavalee, Denise Scott, Tony Martin, Anne Edmonds, Sam Pang","Ed Kavalee, Denise Scott, Tony Martin, Anne Edmonds, Sam Pang","Anne Edmonds","9.00 pm Monday","10 June 2019","675,000[150]"
7,156,6,"Ed Kavalee, Ash London, Marty Sheargold, Melanie Bracewell, Sam Pang","Ed Kavalee, Ash London, Marty Sheargold, Melanie Bracewell, Sam Pang","Melanie Bracewell","8.40 pm Monday","17 June 2019","718,000[151]"
7,157,7,"Ed Kavalee, Urzila Carlson, Lloyd Langford, Kitty Flanagan, Sam Pang","Ed Kavalee, Urzila Carlson, Lloyd Langford, Kitty Flanagan, Sam Pang","Ed Kavalee","8.40 pm Monday","24 June 2019","750,000[152]"
7,158,8,"Ed Kavalee, Urzila Carlson, Dilruk Jayasinha, Anne Edmonds, Hayley Sproull","Ed Kavalee, Urzila Carlson, Dilruk Jayasinha, Anne Edmonds, Hayley Sproull","Dilruk Jayasinha","8.40 pm Monday","1 July 2019","704,000[153]"
7,159,9,"Tony Martin, Melanie Bracewell, Glenn Robbins, Kitty Flanagan, Ivan Aristeguieta","Tony Martin, Melanie Bracewell, Glenn Robbins, Kitty Flanagan, Ivan Aristeguieta","Glenn Robbins","8.30 pm Monday","8 July 2019","598,000[154]"
7,160,10,"Ed Kavalee, Denise Scott, Peter Helliar, Celia Pacquola, Sam Pang","Ed Kavalee, Denise Scott, Peter Helliar, Celia Pacquola, Sam Pang","Peter Helliar","8.40 pm Monday","15 July 2019","703,000[155]"
7,161,11,"Ed Kavalee, Abby Coleman, Marty Sheargold, Ash London, Sam Pang","Ed Kavalee, Abby Coleman, Marty Sheargold, Ash London, Sam Pang","Ed Kavalee","9.00 pm Monday","22 July 2019","668,000[156]"
7,162,12,"Ed Kavalee, Amanda Keller, Mick Molloy, Kitty Flanagan, Sam Pang","Ed Kavalee, Amanda Keller, Mick Molloy, Kitty Flanagan, Sam Pang","Amanda Keller","9.00 pm Monday","29 July 2019","673,000[157]"
7,163,13,"Ed Kavalee, Denise Scott, Tony Martin, Ash London, Sam Pang","Ed Kavalee, Denise Scott, Tony Martin, Ash London, Sam Pang","Ash London","8.40 pm Monday","5 August 2019","650,000[158]"
7,164,14,"Ed Kavalee, Urzila Carlson, Dane Simpson, Melanie Bracewell, Sam Pang","Ed Kavalee, Urzila Carlson, Dane Simpson, Melanie Bracewell, Sam Pang","Ed Kavalee","8.40 pm Monday","12 August 2019","735,000[159]"
7,165,15,"Ed Kavalee, Hayley Sproull, Peter Helliar, Kitty Flanagan, Sam Pang","Ed Kavalee, Hayley Sproull, Peter Helliar, Kitty Flanagan, Sam Pang","Ed Kavalee","8.40 pm Monday","19 August 2019","736,000[160]"
7,166,16,"Ed Kavalee, Susie Youssef, Lloyd Langford, Ash London, Sam Pang","Ed Kavalee, Susie Youssef, Lloyd Langford, Ash London, Sam Pang","Susie Youssef","8.40 pm Monday","26 August 2019","780,000[161]"
7,167,17,"Ed Kavalee, Abby Coleman, Marty Sheargold, Anne Edmonds, Sam Pang","Ed Kavalee, Abby Coleman, Marty Sheargold, Anne Edmonds, Sam Pang","Ed Kavalee","8.40 pm Monday","2 September 2019","747,000[162]"
7,168,18,"Ed Kavalee, Amanda Keller, Lloyd Langford, Hayley Sproull, Sam Pang","Ed Kavalee, Amanda Keller, Lloyd Langford, Hayley Sproull, Sam Pang","Amanda Keller","8.40 pm Monday","9 September 2019","819,000[163]"
7,169,19,"Ed Kavalee, Urzila Carlson, Tim McDonald, Kitty Flanagan, Sam Pang","Ed Kavalee, Urzila Carlson, Tim McDonald, Kitty Flanagan, Sam Pang","Ed Kavalee","8.40 pm Monday","16 September 2019","826,000[164]"
7,170,20,"Ed Kavalee, Geraldine Hickey, Glenn Robbins, Celia Pacquola, Sam Pang","Ed Kavalee, Geraldine Hickey, Glenn Robbins, Celia Pacquola, Sam Pang","Ed Kavalee","8.45 pm Monday","23 September 2019","823,000[165]"
7,171,21,"Ed Kavalee, Denise Scott, Marty Sheargold, Anne Edmonds, Dave O'Neil","Ed Kavalee, Denise Scott, Marty Sheargold, Anne Edmonds, Dave O'Neil","Marty Sheargold","8.45 pm Monday","30 September 2019","819,000[166]"
7,172,22,"Ed Kavalee, Melanie Bracewell, Lawrence Mooney, Kitty Flanagan, Sam Pang","Ed Kavalee, Melanie Bracewell, Lawrence Mooney, Kitty Flanagan, Sam Pang","Lawrence Mooney","8.45 pm Monday","7 October 2019","823,000[167]"
7,173,23,"Ed Kavalee, Urzila Carlson, Mick Molloy, Celia Pacquola, Sam Pang","Ed Kavalee, Urzila Carlson, Mick Molloy, Celia Pacquola, Sam Pang","Ed Kavalee","8.45 pm Monday","14 October 2019","946,000[168]"
7,174,24,"Tony Martin, Melanie Bracewell, Marty Sheargold, Ash London, Sam Pang","Tony Martin, Melanie Bracewell, Marty Sheargold, Ash London, Sam Pang","Ash London","8.40 pm Monday","21 October 2019","926,000[169]"
7,175,25,"Ed Kavalee, Urzila Carlson, Glenn Robbins, Hayley Sproull, Sam Pang","Ed Kavalee, Urzila Carlson, Glenn Robbins, Hayley Sproull, Sam Pang","Ed Kavalee","8.40 pm Monday","28 October 2019","816,000[170]"
7,176,26,"Ed Kavalee, Denise Scott, Tim McDonald, Kitty Flanagan, Lloyd Langford","Ed Kavalee, Denise Scott, Tim McDonald, Kitty Flanagan, Lloyd Langford","Ed Kavalee","8.40 pm Monday","4 November 2019","611,000[171]"
7,177,27,"Ed Kavalee, Geraldine Hickey, Marty Sheargold, Anne Edmonds, Sam Pang","Ed Kavalee, Geraldine Hickey, Marty Sheargold, Anne Edmonds, Sam Pang","Marty Sheargold","8.40 pm Monday","11 November 2019","754,000[172]"
7,178,28,"Ed Kavalee, Urzila Carlson, Peter Helliar, Hayley Sproull, Sam Pang","Ed Kavalee, Urzila Carlson, Peter Helliar, Hayley Sproull, Sam Pang","Urzila Carlson","8.40 pm Monday","18 November 2019","825,000[173]"
8,180,1,"Ed Kavalee, Urzila Carlson, Marty Sheargold, Kitty Flanagan, Sam Pang","Ed Kavalee, Urzila Carlson, Marty Sheargold, Kitty Flanagan, Sam Pang","Ed Kavalee","8.45 pm Monday","4 May 2020","934,000[174]"
8,181,2,"Ed Kavalee, Melanie Bracewell, Lloyd Langford, Celia Pacquola, Sam Pang","Ed Kavalee, Melanie Bracewell, Lloyd Langford, Celia Pacquola, Sam Pang","Ed Kavalee","8.50 pm Monday","11 May 2020","868,000[175]"
8,182,3,"Ed Kavalee, Amanda Keller, Glenn Robbins, Kitty Flanagan, Sam Pang","Ed Kavalee, Amanda Keller, Glenn Robbins, Kitty Flanagan, Sam Pang","Amanda Keller","8.40 pm Monday","18 May 2020","881,000[176]"
8,183,4,"Ed Kavalee, Hayley Sproull, Mick Molloy, Anne Edmonds, Sam Pang","Ed Kavalee, Hayley Sproull, Mick Molloy, Anne Edmonds, Sam Pang","Anne Edmonds","8.40 pm Monday","25 May 2020","815,000[177]"
8,184,5,"Ed Kavalee, Urzila Carlson, Lloyd Langford, Celia Pacquola, Sam Pang","Ed Kavalee, Urzila Carlson, Lloyd Langford, Celia Pacquola, Sam Pang","Lloyd Langford","8.40 pm Monday","1 June 2020","812,000[178]"
8,185,6,"Ed Kavalee, Denise Scott, Marty Sheargold, Melanie Bracewell, Sam Pang","Ed Kavalee, Denise Scott, Marty Sheargold, Melanie Bracewell, Sam Pang","Ed Kavalee","8.40 pm Monday","8 June 2020","769,000[179]"
8,186,7,"Ed Kavalee, Geraldine Hickey, Peter Helliar, Kitty Flanagan, Sam Pang","Ed Kavalee, Geraldine Hickey, Peter Helliar, Kitty Flanagan, Sam Pang","Geraldine Hickey","8.40 pm Monday","15 June 2020","802,000[180]"
8,187,8,"Ed Kavalee, Melanie Bracewell, Tim McDonald, Celia Pacquola, Sam Pang","Ed Kavalee, Melanie Bracewell, Tim McDonald, Celia Pacquola, Sam Pang","Ed Kavalee","8.40 pm Monday","22 June 2020","787,000[181]"
8,188,9,"Ed Kavalee, Urzila Carlson, Marty Sheargold, Kitty Flanagan, Sam Pang","Ed Kavalee, Urzila Carlson, Marty Sheargold, Kitty Flanagan, Sam Pang","Ed Kavalee","8.40 pm Monday","29 June 2020","824,000[182]"
8,189,10,"Ed Kavalee, Hayley Sproull, Glenn Robbins, Anne Edmonds, Sam Pang","Ed Kavalee, Hayley Sproull, Glenn Robbins, Anne Edmonds, Sam Pang","Glenn Robbins","8.40 pm Monday","6 July 2020","762,000[183]"
8,190,11,"Ed Kavalee, Denise Scott, Tony Martin, Celia Pacquola, Sam Pang","Ed Kavalee, Denise Scott, Tony Martin, Celia Pacquola, Sam Pang","Celia Pacquola","8.45 pm Monday","13 July 2020","853,000[184]"
8,191,12,"Tim McDonald, Geraldine Hickey, Melanie Bracewell, Lloyd Langford, Sam Pang","Tim McDonald, Geraldine Hickey, Melanie Bracewell, Lloyd Langford, Sam Pang","Sam Pang","9:25 pm Monday","20 July 2020","771,000[185]"
8,192,13,"Ed Kavalee, Amanda Keller, Mick Molloy, Kitty Flanagan, Peter Helliar","Ed Kavalee, Amanda Keller, Mick Molloy, Kitty Flanagan, Peter Helliar","Amanda Keller","9.00 pm Monday","27 July 2020","597,000[186]"
8,193,14,"Ed Kavalee, Melanie Bracewell, Marty Sheargold, Celia Pacquola, Sam Pang","Ed Kavalee, Melanie Bracewell, Marty Sheargold, Celia Pacquola, Sam Pang","Marty Sheargold","8.40 pm Monday","3 August 2020","579,000[187]"
8,194,15,"Ed Kavalee, Hayley Sproull, Tony Martin, Anne Edmonds, Sam Pang","Ed Kavalee, Hayley Sproull, Tony Martin, Anne Edmonds, Sam Pang","Anne Edmonds","8.50 pm Monday","10 August 2020","623,000[188]"
8,195,16,"Ed Kavalee, Urzila Carlson, Glenn Robbins, Ash London, Sam Pang","Ed Kavalee, Urzila Carlson, Glenn Robbins, Ash London, Sam Pang","Ash London","8.45 pm Monday","17 August 2020","712,000[189]"
8,196,17,"Ed Kavalee, Amanda Keller, Lloyd Langford, Kitty Flanagan, Sam Pang","Ed Kavalee, Amanda Keller, Lloyd Langford, Kitty Flanagan, Sam Pang","Amanda Keller","8.40 pm Monday","24 August 2020","692,000[190]"
8,197,18,"Ed Kavalee, Melanie Bracewell, Tim McDonald, Celia Pacquola, Sam Pang","Ed Kavalee, Melanie Bracewell, Tim McDonald, Celia Pacquola, Sam Pang","Ed Kavalee","8.40 pm Monday","31 August 2020","766,000[191]"
8,198,19,"Ed Kavalee, Denise Scott, Marty Sheargold, Hayley Sproull, Sam Pang","Ed Kavalee, Denise Scott, Marty Sheargold, Hayley Sproull, Sam Pang","Ed Kavalee","8.40 pm Monday","7 September 2020","764,000[192]"
8,199,20,"Ed Kavalee, Ash London, Lloyd Langford, Kitty Flanagan, Sam Pang","Ed Kavalee, Ash London, Lloyd Langford, Kitty Flanagan, Sam Pang","Ash London","8.40 pm Monday","14 September 2020","767,000[193]"
8,200,21,"Ed Kavalee, Melanie Bracewell, Tony Martin, Celia Pacquola, Sam Pang","Ed Kavalee, Melanie Bracewell, Tony Martin, Celia Pacquola, Sam Pang","Ed Kavalee","8.40 pm Monday","21 September 2020","572,000[194]"
8,201,22,"Ed Kavalee, Hayley Sproull, Hamish Blake, Anne Edmonds, Sam Pang","Ed Kavalee, Hayley Sproull, Hamish Blake, Anne Edmonds, Sam Pang","Anne Edmonds","9.00 pm Monday","28 September 2020","636,000[195]"
8,202,23,"Ed Kavalee, Urzila Carlson, Glenn Robbins, Kitty Flanagan, Tim McDonald","Ed Kavalee, Urzila Carlson, Glenn Robbins, Kitty Flanagan, Tim McDonald","Glenn Robbins","8.40 pm Monday","5 October 2020","599,000[196]"
8,203,24,"Ed Kavalee, Abby Coleman, Marty Sheargold, Melanie Bracewell, Sam Pang","Ed Kavalee, Abby Coleman, Marty Sheargold, Melanie Bracewell, Sam Pang","Marty Sheargold","8.45 pm Monday","12 October 2020","628,000[197]"
8,204,25,"Ed Kavalee, Susie Youssef, Tony Martin, Celia Pacquola, Sam Pang","Ed Kavalee, Susie Youssef, Tony Martin, Celia Pacquola, Sam Pang","Susie Youssef","8.40 pm Monday","19 October 2020","735,000[198]"
8,205,26,"Tim McDonald, Urzila Carlson, Lloyd Langford, Ash London, Sam Pang","Tim McDonald, Urzila Carlson, Lloyd Langford, Ash London, Sam Pang","Urzila Carlson","8.40 pm Monday","26 October 2020","612,000[199]"
8,206,27,"Ed Kavalee, Hayley Sproull, Mick Molloy, Cal Wilson, Sam Pang","Ed Kavalee, Hayley Sproull, Mick Molloy, Cal Wilson, Sam Pang","Ed Kavalee","8.35 pm Monday","2 November 2020","642,000[200]"
8,207,28,"Ed Kavalee, Abby Coleman, Peter Helliar, Celia Pacquola, Sam Pang","Ed Kavalee, Abby Coleman, Peter Helliar, Celia Pacquola, Sam Pang","Peter Helliar","9.00 pm Monday","9 November 2020","620,000[201]"
8,208,29,"Ed Kavalee, Urzila Carlson, Tony Martin, Amanda Keller, Sam Pang","Ed Kavalee, Urzila Carlson, Tony Martin, Amanda Keller, Sam Pang","Amanda Keller","8.30 pm Monday","16 November 2020","617,000[202]"
9,210,1,"Ed Kavalee, Melanie Bracewell, Marty Sheargold, Celia Pacquola, Sam Pang","Ed Kavalee, Melanie Bracewell, Marty Sheargold, Celia Pacquola, Sam Pang","Ed Kavalee","8:40 pm Monday","3 May 2021","732,000[203]"
9,211,2,"Ed Kavalee, Melanie Bracewell, Aaron Chen, Anne Edmonds, Sam Pang","Ed Kavalee, Melanie Bracewell, Aaron Chen, Anne Edmonds, Sam Pang","Ed Kavalee","8:40 pm Monday","10 May 2021","749,000[204]"
9,212,3,"Ed Kavalee, Melanie Bracewell, Tim McDonald, Kitty Flanagan, Sam Pang","Ed Kavalee, Melanie Bracewell, Tim McDonald, Kitty Flanagan, Sam Pang","Melanie Bracewell","8:40 pm Monday","17 May 2021","654,000[205]"
9,213,4,"Ed Kavalee, Melanie Bracewell, Lloyd Langford, Urzila Carlson, Sam Pang","Ed Kavalee, Melanie Bracewell, Lloyd Langford, Urzila Carlson, Sam Pang","Urzila Carlson","8:40 pm Monday","24 May 2021","731,000[206]"
9,214,5,"Ed Kavalee, Cal Wilson, Marty Sheargold, Kitty Flanagan, Sam Pang","Ed Kavalee, Cal Wilson, Marty Sheargold, Kitty Flanagan, Sam Pang","Marty Sheargold","8:40 pm Monday","31 May 2021","749,000[207]"
9,215,6,"Ed Kavalee, Alex Ward, Tim McDonald, Celia Pacquola, Sam Pang","Ed Kavalee, Alex Ward, Tim McDonald, Celia Pacquola, Sam Pang","Tim McDonald","8:40 pm Monday","7 June 2021","709,000[208]"
9,216,7,"Ed Kavalee, Anne Edmonds, Tony Martin, Kitty Flanagan, Geraldine Hickey","Ed Kavalee, Anne Edmonds, Tony Martin, Kitty Flanagan, Geraldine Hickey","Geraldine Hickey","8:40 pm Monday","14 June 2021","650,000[209]"
9,217,8,"Ed Kavalee, Alex Ward, Mick Molloy, Kitty Flanagan, Sam Pang","Ed Kavalee, Alex Ward, Mick Molloy, Kitty Flanagan, Sam Pang","Ed Kavalee","8:40 pm Monday","21 June 2021","727,000[210]"
9,218,9,"Tim McDonald, Anne Edmonds, Glenn Robbins, Celia Pacquola, Sam Pang","Tim McDonald, Anne Edmonds, Glenn Robbins, Celia Pacquola, Sam Pang","Glenn Robbins","8:40 pm Monday","28 June 2021","659,000[211]"
9,219,10,"Ed Kavalee, Denise Scott, Lloyd Langford, Celia Pacquola, Andy Lee","Ed Kavalee, Denise Scott, Lloyd Langford, Celia Pacquola, Andy Lee","Celia Pacquola","8:40 pm Monday","5 July 2021","657,000[212]"
9,220,11,"Ed Kavalee, Hayley Sproull, Peter Helliar, Melanie Bracewell, Sam Pang","Ed Kavalee, Hayley Sproull, Peter Helliar, Melanie Bracewell, Sam Pang","Peter Helliar","9.00 pm Monday","12 July 2021","674,000[213]"
9,221,12,"Ed Kavalee, Alex Ward, Marty Sheargold, Kitty Flanagan, Sam Pang","Ed Kavalee, Alex Ward, Marty Sheargold, Kitty Flanagan, Sam Pang","Marty Sheargold","9.00 pm Monday","19 July 2021","744,000[214]"
9,222,13,"Ed Kavalee, Melanie Bracewell, Tim McDonald, Celia Pacquola, Sam Pang","Ed Kavalee, Melanie Bracewell, Tim McDonald, Celia Pacquola, Sam Pang","Sam Pang","9.00 pm Monday","26 July 2021","577,000[215]"
9,223,14,"Ed Kavalee, Anne Edmonds, Glenn Robbins, Kitty Flanagan, Marty Sheargold","Ed Kavalee, Anne Edmonds, Glenn Robbins, Kitty Flanagan, Marty Sheargold","Marty Sheargold","8.40 pm Monday","2 August 2021","477,000[216]"
9,224,15,"Ed Kavalee, Denise Scott, Lloyd Langford, Celia Pacquola, Sam Pang","Ed Kavalee, Denise Scott, Lloyd Langford, Celia Pacquola, Sam Pang","Lloyd Langford","8.40 pm Monday","9 August 2021","603,000[217]"
9,225,16,"Ed Kavalee, Alex Ward, Mick Molloy, Anne Edmonds, Sam Pang","Ed Kavalee, Alex Ward, Mick Molloy, Anne Edmonds, Sam Pang","Ed Kavalee","8.40 pm Monday","16 August 2021","712,000[218]"
9,226,17,"Ed Kavalee, Kate Langbroek, Tony Martin, Melanie Bracewell, Sam Pang","Ed Kavalee, Kate Langbroek, Tony Martin, Melanie Bracewell, Sam Pang","Ed Kavalee","8.40 pm Monday","23 August 2021","664,000[219]"
9,227,18,"Ed Kavalee, Anne Edmonds, Luke McGregor, Kitty Flanagan, Sam Pang","Ed Kavalee, Anne Edmonds, Luke McGregor, Kitty Flanagan, Sam Pang","Anne Edmonds","8.40 pm Monday","30 August 2021","637,000[220]"
9,228,19,"Ed Kavalee, Denise Scott, Dilruk Jayasinha, Celia Pacquola, Sam Pang","Ed Kavalee, Denise Scott, Dilruk Jayasinha, Celia Pacquola, Sam Pang","Ed Kavalee","8.40 pm Monday","6 September 2021","704,000[221]"
9,229,20,"Ed Kavalee, Emma Holland, Peter Helliar, Kitty Flanagan, Sam Pang","Ed Kavalee, Emma Holland, Peter Helliar, Kitty Flanagan, Sam Pang","Peter Helliar","8.40 pm Monday","13 September 2021","639,000[222]"
9,230,21,"Ed Kavalee, Anne Edmonds, Luke McGregor, Celia Pacquola, Sam Pang","Ed Kavalee, Anne Edmonds, Luke McGregor, Celia Pacquola, Sam Pang","Celia Pacquola","8.40 pm Monday","20 September 2021","731,000[223]"
9,231,22,"Ed Kavalee, Alex Ward, Lloyd Langford, Melanie Bracewell, Tony Martin","Ed Kavalee, Alex Ward, Lloyd Langford, Melanie Bracewell, Tony Martin","Lloyd Langford","8.45 pm Monday","27 September 2021","684,000[224]"
9,232,23,"Ed Kavalee, Emma Holland, Glenn Robbins, Kitty Flanagan, Sam Pang","Ed Kavalee, Emma Holland, Glenn Robbins, Kitty Flanagan, Sam Pang","Ed Kavalee","8.40 pm Monday","4 October 2021","643,000[225]"
9,233,24,"Ed Kavalee, Anne Edmonds, Tony Martin, Emma Holland, Sam Pang","Ed Kavalee, Anne Edmonds, Tony Martin, Emma Holland, Sam Pang","Anne Edmonds","8.40 pm Monday","11 October 2021","697,000[226]"
9,234,25,"Tim McDonald, Alex Ward, Lloyd Langford, Kitty Flanagan, Sam Pang","Tim McDonald, Alex Ward, Lloyd Langford, Kitty Flanagan, Sam Pang","Alex Ward","8.40 pm Monday","18 October 2021","693,000[227]"
9,235,26,"Ed Kavalee, Cal Wilson, Mick Molloy, Kate Langbroek, Sam Pang","Ed Kavalee, Cal Wilson, Mick Molloy, Kate Langbroek, Sam Pang","Ed Kavalee","8.40 pm Monday","25 October 2021","695,000[228]"
9,236,27,"Ed Kavalee, Alex Ward, Josh Lawson, Kitty Flanagan, Sam Pang","Ed Kavalee, Alex Ward, Josh Lawson, Kitty Flanagan, Sam Pang","Sam Pang","8.40 pm Monday","1 November 2021","TBD"
0,35,2,"Ed Kavalee, Jane Kennedy, Mick Molloy, Michala Banas, Sam Pang","Ed Kavalee, Jane Kennedy, Mick Molloy, Michala Banas, Sam Pang","Michala Banas","8:30 pm Monday","17 November 2014","564,000[216]"
0,64,3,"Ed Kavalee, Jane Kennedy, Marty Sheargold, Abby Coleman, Sam Pang","Ed Kavalee, Jane Kennedy, Marty Sheargold, Abby Coleman, Sam Pang","Marty Sheargold","8:30 pm Monday","23 November 2015","710,000[217]"
0,92,4,"Ed Kavalee, Urzila Carlson, Marty Sheargold, Celia Pacquola, Sam Pang","Ed Kavalee, Urzila Carlson, Marty Sheargold, Celia Pacquola, Sam Pang","Sam Pang","8:30 pm Monday","21 November 2016","757,000[218]"
0,122,5,"Ed Kavalee, Urzila Carlson, Marty Sheargold, Kitty Flanagan, Sam Pang","Ed Kavalee, Urzila Carlson, Marty Sheargold, Kitty Flanagan, Sam Pang","Urzila Carlson","8:30 pm Monday","27 November 2017","772,000[219]"
0,150,6,"Ed Kavalee, Denise Scott, Urzila Carlson, Kitty Flanagan, Sam Pang","Ed Kavalee, Denise Scott, Urzila Carlson, Kitty Flanagan, Sam Pang","Urzila Carlson","8:30 pm Monday","19 November 2018","810,000[220]"
0,179,7,"Ed Kavalee, Melanie Bracewell, Mick Molloy, Kitty Flanagan, Sam Pang","Ed Kavalee, Melanie Bracewell, Mick Molloy, Kitty Flanagan, Sam Pang","Kitty Flanagan","8.40 pm Monday","25 November 2019","870,000[221]"
0,209,8,"Ed Kavalee, Melanie Bracewell, Marty Sheargold, Celia Pacquola, Sam Pang","Ed Kavalee, Melanie Bracewell, Marty Sheargold, Celia Pacquola, Sam Pang","Ed Kavalee","8.30 pm Monday","23 November 2020","661,000[222]"
